#{"t_start": 1691680379.9299045, "env_id": "JSBSim-v0"}
r,l,t
54.819997,1200,0.4856
55.863181,1200,1.72197
185.815009,812,2.031959
59.388329,1200,3.215876
61.328571,1200,3.689289
58.261361,1200,4.856477
186.049719,858,5.189269
-103.188381,390,5.338887
185.778545,819,6.379606
-22.822004,821,6.693558
185.806092,946,8.011052
58.944216,1200,8.983736
186.59817,788,10.867528
54.605204,1200,11.842241
-107.713944,377,12.147231
185.609742,798,14.021631
52.655821,1200,14.993375
184.999648,1040,17.069438
-105.838111,374,17.372411
78.176259,1200,19.578068
54.04124,1200,20.569721
184.704911,1090,22.693604
-107.530033,357,22.984628
-94.71447,428,23.331462
52.608246,1200,25.528253
56.094809,1200,26.500029
68.097893,1200,28.705519
54.293296,1200,30.906196
71.10783,1200,31.87994
-81.862436,500,32.314433
54.000621,1200,34.586946
185.339151,818,35.305557
51.657814,1200,37.588064
60.164194,1200,39.870586
72.478402,1200,40.92199
71.265534,1200,43.203912
62.491614,1200,44.251408
49.892061,1200,46.532609
57.830865,1200,47.575133
185.867372,991,49.687007
185.647215,831,50.420862
186.082985,792,52.354444
52.645173,1200,53.396955
52.380595,1200,55.680405
56.729369,1200,56.723902
45.851054,1200,59.012042
53.558385,1200,61.300303
185.270347,822,62.016838
84.893251,1200,64.295485
186.033366,1004,65.178524
61.880954,1200,67.455957
77.231925,1200,68.505459
80.992026,1200,70.785346
185.043378,1043,71.697249
185.562142,891,73.711315
51.123596,1200,74.750853
185.952907,856,76.732602
-93.605253,499,77.165158
58.28778,1200,79.440711
59.954816,1200,80.504169
75.316299,1200,82.784361
42.751975,1200,83.83086
49.846389,1200,86.043153
73.096676,1200,87.29842
186.105518,1174,87.783819
84.39501,1200,88.976213
49.477599,1200,89.477539
45.2277,1200,90.724935
68.624823,1200,91.916065
72.536292,1200,92.403505
48.488015,1200,93.577237
59.765132,1200,94.068582
41.432472,1200,95.246838
56.232573,1200,95.779188
53.120762,1200,96.94418
75.926353,1200,98.154104
186.38786,769,98.469115
65.837683,1200,99.647174
57.367444,1200,100.141492
54.236368,1200,101.349544
75.348234,1200,101.843883
51.570985,1200,103.027606
46.356641,1200,104.27543
65.389644,1200,104.77476
56.57827,1200,105.966772
61.149909,1200,106.509954
185.85172,1105,107.663096
186.111897,827,108.003956
58.852167,1200,109.216897
186.615805,1067,109.65543
185.680089,783,110.661246
185.921607,833,111.003165
78.488736,1200,112.18812
50.423137,1200,112.676487
56.434325,1200,113.879455
58.709246,1200,114.386737
58.769345,1200,115.567021
71.739187,1200,116.744245
79.800115,1200,117.238596
59.483312,1200,118.411666
49.073319,1200,118.90602
60.186303,1200,120.112753
61.103212,1200,121.320696
70.966325,1200,121.830984
184.370253,838,122.851602
76.678982,1200,123.338926
71.685419,1200,124.504876
53.109178,1200,124.995477
59.202596,1200,126.260231
56.95754,1200,126.792462
54.765859,1200,127.995437
56.953015,1200,129.201409
-49.262362,718,129.467523
-96.737654,465,129.637946
51.977208,1200,130.754205
56.68376,1200,131.188751
184.933679,798,132.147304
58.053111,1200,132.59581
56.409488,1200,134.564008
55.404156,1200,136.760247
70.198488,1200,137.736079
60.078561,1200,139.930772
-40.554482,1161,140.866641
60.211378,1200,143.066603
-100.247906,388,143.380565
-78.778502,515,143.795155
184.939825,787,145.65387
58.510567,1200,146.620626
-32.038577,1132,148.759196
63.022468,1200,149.727011
65.226971,1200,151.928951
56.219423,1200,154.131938
184.997987,882,154.844556
51.946177,1200,157.044338
-110.75958,393,157.362267
60.497499,1200,158.331032
66.973193,1200,160.530666
52.624442,1200,162.722568
84.355273,1200,163.690334
68.00131,1200,165.880711
-26.308878,1021,166.711923
62.60202,1200,168.902551
73.357984,1200,169.870303
-99.697579,434,171.453012
56.869406,1200,172.425757
-93.71249,453,172.795523
79.366321,1200,174.992245
61.809738,1200,177.199905
71.649883,1200,178.168663
69.535728,1200,180.373635
52.320489,1200,181.3414
62.18375,1200,183.54903
58.345189,1200,185.749677
54.867745,1200,186.724416
55.547678,1200,188.939091
59.992857,1200,189.90786
36.795646,1200,192.117065
61.510495,1200,193.091804
10.8036,1200,195.301764
18.874871,1200,197.506522
66.006254,1200,198.480265
24.907885,1200,200.709208
59.102497,1200,201.681953
76.575799,1200,203.905514
-104.438003,465,204.282253
185.947751,781,206.14508
52.691892,1200,207.118822
184.802309,1159,209.296536
-72.512684,729,209.888556
60.94721,1200,212.080694
28.514097,1200,213.047454
54.96349,1200,215.232354
63.959132,1200,216.199109
185.730774,790,218.057834
79.902988,1200,219.02564
59.502728,1200,221.219253
30.38862,1200,222.400867
48.045471,1200,222.872232
186.147196,1009,223.987559
43.277707,1200,224.435091
42.146569,1200,225.569433
56.129044,1200,226.050818
33.743237,1200,227.204416
186.549405,841,227.535261
65.007726,1200,228.688728
64.811231,1200,229.829256
68.23689,1200,230.272844
26.457765,1200,231.384456
79.480114,1200,231.828012
67.207742,1200,232.97619
13.013871,1200,234.994276
64.141957,1200,235.965973
78.906399,1200,238.172701
69.999544,1200,239.155255
49.304471,1200,241.369735
48.00979,1200,242.337487
65.633676,1200,244.564442
-9.414015,1200,246.802622
77.392104,1200,247.772388
40.033809,1200,250.002023
58.427776,1200,250.96981
186.707804,880,252.924567
57.224458,1200,253.900322
51.965244,1200,256.116484
36.594575,1200,258.335035
-7.239597,1200,259.305836
53.293843,1200,261.529559
34.540072,1200,262.497565
48.968194,1200,264.739438
53.948694,1200,265.708948
186.27796,1188,267.937743
51.987508,1200,270.16772
50.441407,1200,271.144452
49.666706,1200,273.377416
42.111313,1200,274.344173
77.914189,1200,276.576879
16.63813,1200,278.815449
11.064693,1200,279.783188
186.345718,790,281.687269
44.106282,1200,282.663022
33.050449,1200,284.897581
45.952612,1200,285.864317
63.448961,1200,288.10284
-5.841938,1200,289.069599
-12.601814,1200,291.301237
40.073675,1200,293.53271
48.997767,1200,294.499769
-29.955427,1200,296.73846
63.841696,1200,297.705235
52.536949,1200,299.934842
186.086156,842,300.611537
52.398092,1200,302.846791
57.477817,1200,305.082015
42.263919,1200,306.048776
52.501816,1200,308.280306
49.756906,1200,309.246083
57.969846,1200,311.481707
22.533096,1200,313.706694
53.137844,1200,314.680403
185.745327,824,315.343204
15.159749,1200,317.573245
-11.772761,1200,319.805734
70.604843,1200,320.7705
57.902601,1200,323.006237
185.098388,850,323.689959
60.650293,1200,325.934656
184.662268,844,326.619365
185.688396,893,328.577302
185.32434,768,329.196246
53.701193,1200,331.391091
6.09064,1200,332.357828
68.612011,1200,334.562898
66.118641,1200,335.53365
67.465839,1200,337.733844
185.673783,770,338.366432
58.13586,1200,340.56829
53.589013,1200,342.763634
46.585624,1200,343.73239
-21.310417,1200,345.922207
185.988717,817,346.580997
30.081764,1200,348.804895
10.226747,1200,349.769657
47.829767,1200,352.005478
185.313966,791,352.653796
63.300052,1200,354.857832
185.12136,756,355.467833
187.235546,819,357.365131
58.528633,1200,358.332897
16.803476,1200,360.54247
47.661573,1200,361.515215
52.014208,1200,363.736782
186.77641,779,364.37166
52.334396,1200,366.573569
59.482756,1200,368.783841
51.742076,1200,369.751584
38.330972,1200,371.844753
43.525876,1200,372.328135
-23.66921,1200,373.531201
-15.397578,1200,373.982707
-6.184408,1200,375.166918
-8.859153,1200,376.299988
52.409459,1200,376.758464
-15.567216,1200,377.881693
54.524729,1200,378.345207
-20.374478,1200,379.487323
-19.643789,1200,380.629715
-17.67844,1200,381.078153
185.782215,790,382.042881
73.03175,1200,382.486447
56.501726,1200,383.614501
49.994688,1200,384.075954
-16.97424,1200,385.233144
33.813506,1200,385.695587
73.892546,1200,386.834715
62.684154,1200,387.979744
10.538446,1200,388.457151
66.954313,1200,389.604309
58.910037,1200,390.090682
-8.599432,1200,391.233857
78.392043,1200,392.359187
48.932113,1200,392.826651
-10.500566,1200,393.956657
68.125617,1200,394.410215
186.794009,979,395.472514
54.559865,1200,395.930926
53.905387,1200,397.107062
76.940622,1200,398.261309
186.09885,882,398.604151
55.524451,1200,399.755334
71.701757,1200,400.199837
53.541971,1200,401.348234
60.155787,1200,401.794677
57.479147,1200,402.975989
84.32004,1200,403.418509
58.027615,1200,404.534892
52.647006,1200,405.685089
50.770654,1200,406.143579
186.029246,766,407.096426
186.069542,786,407.481093
81.618864,1200,409.688918
185.059319,797,410.335754
58.361719,1200,412.553782
64.67857,1200,413.521514
52.593426,1200,415.73016
186.192997,864,416.425834
54.944057,1200,418.64091
60.068219,1200,419.613655
58.866828,1200,421.81538
60.98197,1200,422.77816
48.75117,1200,424.973623
51.222737,1200,427.180302
68.001175,1200,428.147071
76.443282,1200,430.371115
185.378698,1131,431.290036
65.99745,1200,433.528807
185.209616,758,434.143778
74.484171,1200,436.379768
-75.9564,494,436.777434
57.793935,1200,438.968047
-104.718672,521,439.390634
-42.492127,610,439.883983
71.317818,1200,442.075763
49.455424,1200,443.03954
78.995112,1200,445.239113
54.659849,1200,447.442115
69.458684,1200,448.408852
68.355233,1200,450.617586
73.338889,1200,451.585349
63.118249,1200,453.776437
57.147589,1200,455.966359
186.009048,759,456.578115
53.603908,1200,458.767285
50.601444,1200,459.741985
51.916508,1200,461.938161
49.329786,1200,462.909909
-88.158088,421,464.473383
186.253112,1184,465.428239
58.894625,1200,467.617292
49.00542,1200,468.584035
60.526932,1200,470.775962
63.614563,1200,471.741734
63.624927,1200,473.941662
55.768515,1200,476.128981
52.607826,1200,477.094744
55.195473,1200,479.285169
187.027356,885,479.998782
58.769767,1200,482.191619
58.026153,1200,483.155442
73.79187,1200,485.355956
50.818122,1200,487.551903
67.718618,1200,488.525632
55.916202,1200,490.728281
48.6957,1200,491.698001
62.2789,1200,493.906585
64.151486,1200,494.876384
56.580024,1200,496.423393
184.414956,863,496.761297
83.916636,1200,497.944562
185.757616,887,498.98923
60.086183,1200,499.487563
185.930497,834,499.832409
45.05572,1200,501.125824
46.037076,1200,502.243157
49.44819,1200,502.704671
51.711191,1200,503.86026
186.706538,838,504.179189
62.454735,1200,505.323806
-107.855748,556,505.531178
46.389431,1200,506.706168
65.677987,1200,507.151669
66.704719,1200,508.264156
48.647442,1200,508.715564
-110.387431,563,509.588746
50.22065,1200,510.036244
62.152928,1200,511.155986
72.128028,1200,511.593518
48.590072,1200,512.736758
-53.565066,507,512.928113
46.088912,1200,514.105412
-105.856773,488,514.298649
185.57262,864,515.326356
186.713539,859,515.65121
186.203493,1052,516.058764
-97.978106,468,516.917824
57.10538,1200,517.369317
49.46165,1200,518.484608
-106.380879,487,518.669987
40.567434,1200,519.791362
65.793997,1200,520.240861
186.156045,833,521.213195
-105.31176,499,521.395586
-110.902981,511,521.581961
185.704314,812,522.538768
185.498084,747,522.810852
-108.363797,506,522.993247
59.70768,1200,524.095378
52.525633,1200,524.534905
37.707646,1200,525.643192
53.412168,1200,526.750361
44.501755,1200,527.194837
51.224228,1200,528.350798
-98.43564,515,528.543148
-111.014761,473,528.728508
185.694991,995,529.79816
57.924113,1200,530.240678
-39.60845,820,531.216176
186.424694,736,531.496239
-32.610603,1132,532.608518
57.354979,1200,533.054027
58.362504,1200,534.179768
52.802979,1200,534.633272
-53.744016,527,535.492437
69.602988,1200,535.941949
-46.67898,562,536.154256
-110.106243,446,536.99118
-33.170394,1187,537.429737
-58.892717,539,538.299736
-36.235948,776,538.593747
-47.539157,534,538.795069
64.938672,1200,539.906477
-61.525417,629,540.140694
63.675294,1200,541.261884
59.566345,1200,541.714267
55.806801,1200,542.839463
-77.254665,430,542.998024
58.512265,1200,544.129584
74.388322,1200,544.569146
-103.113081,470,544.748515
48.981521,1200,545.883793
59.972692,1200,546.994148
185.425267,904,547.332989
-64.502157,633,547.567284
-104.962141,450,548.404435
59.49315,1200,548.886674
24.744389,1200,550.07894
68.972785,1200,550.521458
48.366072,1200,551.638654
20.203612,1200,552.804015
186.252152,783,553.104086
-56.927958,696,553.371053
-33.261404,1197,554.502847
75.86204,1200,554.964316
72.378131,1200,556.124295
-33.824282,752,556.416316
185.923819,746,557.38216
-19.478256,829,557.700047
48.59006,1200,558.847647
73.098174,1200,559.314193
-34.327245,842,560.320528
-28.787417,644,560.577744
-28.264295,743,560.862859
68.110743,1200,561.96523
-101.751818,485,562.139689
60.821001,1200,563.303655
51.754382,1200,563.772083
58.752966,1200,564.914342
67.104549,1200,566.160639
33.672126,1200,566.643048
36.453116,1200,567.803597
-40.575583,950,568.177343
68.822549,1200,569.328594
67.48341,1200,569.769125
74.975203,1200,570.939523
63.336779,1200,572.062769
37.607735,1200,572.515234
58.595745,1200,573.67091
70.731882,1200,574.174145
-14.798631,759,575.205054
67.978912,1200,575.648575
64.392106,1200,576.763847
59.199313,1200,577.218337
73.003914,1200,578.333468
68.462173,1200,579.975993
185.557567,929,580.724458
186.035691,999,582.750477
60.573077,1200,583.716233
78.003581,1200,585.908952
184.957234,1112,586.803968
79.140028,1200,589.001576
73.209809,1200,589.975322
67.922421,1200,592.172352
185.635185,854,592.857086
9.159387,1200,595.054822
60.156351,1200,597.259547
54.184516,1200,598.225311
62.966624,1200,600.448323
15.154676,1200,601.413085
-4.803964,1200,603.625757
185.061362,801,604.279567
186.001917,1026,606.35425
83.602065,1200,607.319025
28.282835,1200,609.543355
60.411729,1200,611.737131
82.271808,1200,612.702897
61.006635,1200,614.897528
-82.034954,494,615.295204
72.414553,1200,617.484097
80.613752,1200,618.460835
66.554565,1200,620.653273
74.58453,1200,621.618043
-24.131239,1030,623.673925
50.195141,1200,624.637703
17.312151,1200,626.83045
74.005187,1200,629.028258
72.095743,1200,630.004051
39.247949,1200,632.202438
-31.963499,1200,633.174203
-30.702394,1200,635.36794
-28.691888,1200,637.561266
-13.268478,1200,638.527039
65.388874,1200,640.734718
61.706646,1200,641.698497
73.380971,1200,643.889255
4.139234,1200,644.852035
-14.440827,1200,647.050824
-5.530402,1200,649.24842
53.789871,1200,650.213195
78.97369,1200,652.415399
59.530775,1200,653.380171
54.253173,1200,655.574116
185.278968,1108,657.691226
54.284876,1200,658.657995
76.99153,1200,660.890534
51.395174,1200,661.859293
49.042467,1200,664.056058
45.998107,1200,665.019833
-38.000143,1092,667.12494
3.861112,1200,669.31005
44.420012,1200,670.273829
42.007217,1200,672.465375
69.620584,1200,673.431166
63.993682,1200,675.633537
-35.139649,1175,676.578368
-12.258709,1200,678.769986
184.737435,918,680.735429
185.845507,842,681.418145
42.135448,1200,683.613317
69.197493,1200,684.57908
-6.033039,1200,686.776719
-1.807411,1200,687.740487
53.990402,1200,689.970231
-37.41176,1112,690.871217
-30.733041,1159,693.07492
-26.594836,1200,695.287755
-8.719195,1200,696.251498
186.19951,962,698.249683
185.148286,975,699.03705
-13.718727,1200,701.269522
72.585085,1200,702.261265
71.109005,1200,704.502706
68.374013,1200,705.468523
76.929845,1200,707.664155
-22.109003,1053,709.723295
5.081084,1200,710.686103
25.69347,1200,712.886731
-24.149507,1086,713.750813
56.270293,1200,715.92757
63.593521,1200,716.891335
-60.707594,666,718.649856
-31.663234,1200,719.610641
-96.662326,496,721.235349
29.356818,1200,722.191148
73.709174,1200,724.369342
48.592668,1200,725.326131
72.426841,1200,727.514185
-30.564781,1075,728.369328
185.801054,859,730.277326
184.490223,997,731.079645
3.696529,1200,733.257513
-33.867457,1111,734.146497
-36.872046,1200,736.336332
42.100531,1200,738.527003
62.538595,1200,739.489782
67.888663,1200,741.669714
69.839013,1200,742.624516
66.498677,1200,744.812069
185.998518,840,745.481807
185.042716,888,747.413338
63.418985,1200,748.376065
66.406209,1200,750.570722
185.895042,774,751.190648
58.309193,1200,753.364364
-8.002834,1200,755.534943
184.879519,866,756.226623
79.203285,1200,758.397366
186.092178,815,759.056172
68.954804,1200,761.231989
186.551033,955,761.99245
59.004599,1200,764.1653
50.153735,1200,765.122093
35.708489,1200,767.295817
-24.396008,1200,768.248624
63.657543,1200,770.443603
185.136797,810,771.089445
68.372511,1200,773.266161
63.312656,1200,774.220974
185.492636,864,776.131782
29.565361,1200,778.29978
-23.759875,1200,779.257623
69.522168,1200,781.445307
17.095606,1200,782.40011
56.048489,1200,784.57531
11.43931,1200,785.529065
185.987037,794,787.380815
82.72495,1200,788.335681
57.767363,1200,790.523809
70.024374,1200,792.703313
-20.952649,1200,793.658127
74.210986,1200,795.840148
184.992514,913,796.567695
-17.045424,1200,798.743401
50.587985,1200,799.699209
6.346325,1200,801.878993
39.046897,1200,804.054716
185.293376,1024,804.872976
-50.78455,717,805.443069
60.594059,1200,807.619256
30.942375,1200,809.797297
9.003671,1200,810.760075
185.329183,1036,812.819939
48.20794,1200,813.779728
185.957897,984,815.802088
-5.839454,1200,816.755926
0.462398,1200,818.925776
44.202631,1200,819.881556
44.798358,1200,822.05641
62.362723,1200,824.231074
39.81022,1200,825.186892
64.639639,1200,827.378248
30.199257,1200,828.339039
67.272554,1200,830.529444
40.361456,1200,832.732071
63.982289,1200,833.685876
56.005704,1200,835.894053
186.718464,1125,836.793045
45.362981,1200,838.981803
185.91984,1137,839.884924
-32.783621,1001,841.916033
59.277788,1200,844.090449
42.877869,1200,845.047217
69.364421,1200,847.22097
34.477119,1200,848.175782
-51.619231,591,849.867469
71.406228,1200,850.823264
33.332787,1200,853.008116
-13.306331,1200,853.961927
56.474021,1200,856.168306
64.289126,1200,857.141041
47.421052,1200,859.348924
67.895165,1200,861.585331
185.635707,807,862.239144
64.193033,1200,864.462872
-23.641435,1119,865.362845
78.432279,1200,867.551003
63.44547,1200,868.516779
185.424728,804,870.398589
47.496373,1200,871.370337
75.939514,1200,873.564955
50.242367,1200,875.76099
69.529923,1200,876.728728
185.966069,872,878.683322
46.045139,1200,879.649156
54.396904,1200,881.86395
74.214775,1200,882.829746
54.119843,1200,885.056777
59.928855,1200,886.021556
185.354619,764,887.894287
43.056168,1200,888.85706
81.907691,1200,891.08042
47.955407,1200,893.285565
42.928819,1200,894.251339
74.944892,1200,896.463523
186.135996,1162,897.399386
186.039334,1136,899.55718
185.217256,1021,900.389733
69.022637,1200,902.601802
14.524696,1200,904.798719
80.799431,1200,905.768474
184.596163,1139,907.92591
184.703902,808,908.579722
59.260004,1200,910.784174
9.332446,1200,911.74895
43.539506,1200,913.956565
61.160836,1200,914.92135
79.22284,1200,917.128994
33.487966,1200,919.32883
48.624811,1200,920.291619
48.692787,1200,922.486517
185.427392,878,923.194134
71.150437,1200,925.393256
65.360617,1200,926.365
51.80197,1200,928.56452
-32.8938,1200,930.776061
84.414234,1200,931.74781
68.484882,1200,933.95246
184.964949,1165,934.895306
186.659332,789,936.765268
41.101258,1200,937.730038
-7.022888,1200,939.928115
186.804155,895,940.654635
186.254738,873,942.59033
3.691717,1200,943.558092
-3.594205,1200,945.757594
55.423566,1200,946.721355
46.20746,1200,948.92608
79.934596,1200,951.137145
54.43371,1200,952.100917
69.461858,1200,954.319255
75.244266,1200,955.296984
82.016426,1200,957.522232
71.364283,1200,959.758114
68.40107,1200,960.727903
40.108712,1200,962.960752
78.345852,1200,963.925472
64.634627,1200,966.176527
71.491837,1200,967.139339
67.252948,1200,969.359875
-108.624921,713,969.937941
67.816348,1200,972.155522
65.36433,1200,974.372107
186.061193,1007,975.181397
-0.101665,1200,977.402965
186.068084,1078,978.270064
58.298343,1200,980.485651
66.063489,1200,981.453413
60.398668,1200,983.68395
69.946768,1200,985.929438
28.268758,1200,986.899193
36.331288,1200,989.166607
41.405833,1200,990.135366
71.561219,1200,992.383843
12.250625,1200,993.350609
63.578092,1200,995.581146
68.271624,1200,997.81866
48.088572,1200,998.795392
59.673941,1200,1001.050846
55.275506,1200,1002.018608
51.497116,1200,1004.269078
46.585955,1200,1006.508586
84.067513,1200,1007.475351
72.924678,1200,1009.725822
74.42931,1200,1010.694582
54.212205,1200,1012.973954
-28.067124,1077,1013.846039
86.340176,1200,1016.081557
-37.778443,1080,1018.221398
-38.289571,1097,1019.10544
185.73571,835,1021.064884
75.888448,1200,1022.035636
62.714631,1200,1024.248234
74.568609,1200,1025.217992
83.384366,1200,1027.473446
185.745168,930,1028.225925
47.754643,1200,1030.457459
65.486777,1200,1031.425221
66.866754,1200,1033.655759
80.651795,1200,1035.880316
74.656909,1200,1036.850071
82.058637,1200,1039.088582
-21.040052,1047,1039.934751
186.02514,863,1041.893198
-76.407297,685,1042.447345
76.835208,1200,1044.669911
185.390326,953,1045.437343
186.12591,795,1047.32403
85.940844,1200,1048.29478
64.912473,1200,1050.519338
185.52013,821,1051.18511
66.00837,1200,1053.432624
185.927936,911,1054.171159
71.428302,1200,1056.42458
61.895837,1200,1057.401312
53.503647,1200,1059.659756
-29.484662,1200,1060.639478
184.899093,865,1062.631896
59.478083,1200,1063.598578
-94.134961,540,1065.322809
-31.734231,1159,1066.270638
74.292379,1200,1068.516125
185.747823,846,1069.219771
64.71434,1200,1071.473232
186.109938,1027,1072.307441
83.083584,1200,1074.550935
67.626653,1200,1076.795425
71.048174,1200,1077.770164
-84.874087,673,1078.31534
186.002211,826,1080.247874
185.806772,1184,1081.214698
-89.59956,796,1083.137207
-67.718524,972,1083.93454
70.943647,1200,1086.17305
185.564831,934,1086.943473
72.937341,1200,1089.190953
59.829754,1200,1091.431552
-94.621347,533,1091.870986
185.509093,1022,1092.695229
46.90329,1200,1094.940718
61.033028,1200,1095.910471
41.053532,1200,1098.144995
75.075862,1200,1100.36457
52.468875,1200,1101.337314
-94.367289,822,1103.255895
46.243293,1200,1104.224654
60.092178,1200,1106.467152
186.036206,978,1107.258504
186.36107,795,1109.159145
186.52721,803,1109.808971
185.070952,1130,1111.967748
86.287076,1200,1112.945477
76.797123,1200,1115.175046
78.061342,1200,1116.143835
70.858847,1200,1118.474977
185.608307,861,1119.170651
67.420256,1200,1121.386237
65.427435,1200,1123.61777
60.886578,1200,1124.588522
57.923847,1200,1126.790156
75.2225,1200,1127.762902
61.397831,1200,1129.956563
59.905736,1200,1130.920397
81.820145,1200,1133.122968
56.175719,1200,1135.343541
186.786187,1033,1136.172765
64.011351,1200,1138.408289
62.503366,1200,1139.379037
66.153524,1200,1141.649441
77.373218,1200,1143.900908
69.40417,1200,1144.875647
63.590382,1200,1147.135091
11.546099,1200,1148.101855
186.993211,1017,1150.207807
186.870629,774,1150.83172
64.433255,1200,1153.086177
59.95659,1200,1154.053939
185.954653,892,1156.057237
39.315305,1200,1157.026992
63.229748,1200,1159.241586
61.029741,1200,1161.470127
185.232039,758,1162.095036
64.722208,1200,1163.078745
185.232453,766,1164.950482
59.960857,1200,1165.919241
185.608209,822,1167.834832
63.031294,1200,1168.823524
40.715375,1200,1171.033139
60.665202,1200,1173.235762
185.983122,795,1173.877614
70.149148,1200,1176.084232
42.897131,1200,1177.072924
28.445339,1200,1179.302464
185.519009,866,1180.005114
186.265694,883,1181.939673
60.323108,1200,1182.904414
48.931428,1200,1185.116014
83.483586,1200,1186.084773
58.282131,1200,1188.291389
72.10587,1200,1190.495017
62.499608,1200,1191.466766
62.18507,1200,1193.688333
48.03985,1200,1194.658089
47.912012,1200,1196.892612
43.392452,1200,1197.867351
5.86668,1200,1200.102871
63.797539,1200,1202.342379
76.045511,1200,1203.311137
50.074177,1200,1205.562605
52.058674,1200,1206.530367
10.967455,1200,1208.836651
51.411099,1200,1211.128981
58.484178,1200,1212.191427
75.830976,1200,1214.517644
57.300625,1200,1215.485406
-91.165738,610,1217.22658
69.395333,1200,1218.194343
185.82614,828,1220.112924
186.481856,938,1220.872382
184.956874,775,1221.499285
46.106,1200,1223.69696
65.283086,1200,1225.890593
66.696362,1200,1226.870316
186.007615,840,1228.776939
-0.628657,1200,1229.741712
66.371931,1200,1231.930386
77.04949,1200,1232.900141
44.456237,1200,1235.091808
48.726484,1200,1237.278492
76.08038,1200,1238.249244
-85.227786,746,1238.850234
-55.510081,587,1240.549548
47.978971,1200,1241.52927
51.408399,1200,1243.733894
50.099021,1200,1245.922572
58.85001,1200,1246.89432
-84.787777,669,1247.43551
-98.943668,518,1249.078014
58.339883,1200,1250.048767
185.121149,1178,1252.22947
185.652724,895,1252.951056
186.479713,785,1254.813824
41.522811,1200,1255.791553
185.214153,964,1257.805813
62.612937,1200,1258.773576
48.449807,1200,1260.974213
-73.542826,902,1261.702775
12.713264,1200,1263.902416
185.980449,798,1264.547259
-93.091953,613,1266.26551
44.566529,1200,1267.235265
73.913938,1200,1269.436899
55.51358,1200,1270.408648
58.421722,1200,1272.608289
56.028971,1200,1274.805936
82.580108,1200,1275.775691
13.805101,1200,1277.972342
48.352473,1200,1278.9411
186.501793,813,1280.819815
-16.076124,835,1281.494557
-65.384687,629,1282.000863
49.124098,1200,1284.202497
43.18965,1200,1286.406124
60.893757,1200,1287.37588
79.02274,1200,1289.574524
-80.103382,605,1290.06289
185.981055,947,1292.060208
49.515789,1200,1293.028966
-60.893623,579,1293.495406
-68.739554,445,1295.080104
-47.661068,528,1295.507673
186.336163,846,1296.192382
55.743012,1200,1298.398003
72.231059,1200,1299.365765
186.504756,886,1301.31624
58.295675,1200,1302.284998
186.010286,1147,1304.434805
185.926722,1039,1306.496907
67.322492,1200,1307.466662
-62.735138,608,1307.957021
-51.273526,618,1309.683246
64.888209,1200,1310.662968
47.646727,1200,1312.857625
43.812622,1200,1313.824395
49.570743,1200,1316.024032
-32.92219,1034,1318.089124
46.308858,1200,1319.051904
46.83061,1200,1321.243568
48.538025,1200,1322.212327
-56.161963,856,1324.127918
28.638123,1200,1325.105647
-96.089944,363,1325.399663
186.345827,845,1327.312264
186.284092,1050,1328.159429
-32.509875,1038,1330.22153
-23.964159,855,1330.912219
36.651442,1200,1333.104883
46.744064,1200,1335.298543
77.340631,1200,1336.269296
-96.36494,676,1336.815469
59.175325,1200,1339.018099
-121.880239,428,1339.363942
-22.356168,1006,1341.423053
-90.743427,426,1341.768896
50.109463,1200,1343.974516
55.655793,1200,1344.947262
-111.838025,448,1345.310048
62.829159,1200,1347.509689
68.778774,1200,1348.477451
-20.958624,1032,1350.552508
71.745244,1200,1352.759125
-111.959379,376,1353.063108
52.710647,1200,1354.038844
68.823821,1200,1356.255428
78.710993,1200,1358.477992
-35.492667,961,1359.258381
51.073397,1200,1361.460018
58.672153,1200,1362.422842
186.087038,782,1364.281574
55.373168,1200,1365.25133
-59.92565,591,1365.728733
57.816638,1200,1367.945317
-103.393233,463,1368.31807
56.256984,1200,1370.525683
56.655241,1200,1371.494442
82.330154,1200,1373.696076
25.735337,1200,1375.898707
84.179411,1200,1376.868462
41.929509,1200,1379.081059
186.250772,824,1379.745836
81.188028,1200,1381.979362
58.683892,1200,1382.951111
22.728169,1200,1385.164705
-107.308036,425,1385.508555
36.115647,1200,1387.713179
-91.099118,476,1388.096895
44.774162,1200,1390.302515
47.596554,1200,1391.273268
61.532182,1200,1393.486861
59.438544,1200,1394.455624
79.398117,1200,1396.666224
3.793639,1200,1397.63598
56.430638,1200,1399.85356
50.180419,1200,1402.072138
185.962477,787,1402.710003
53.128718,1200,1404.934561
80.376344,1200,1405.904316
186.080184,769,1407.784027
49.762234,1200,1408.753783
55.279096,1200,1410.980335
37.537021,1200,1411.943115
185.557262,789,1414.338099
79.894652,1200,1415.309848
23.274648,1200,1417.510485
70.283921,1200,1418.478247
-53.892428,612,1420.209455
70.63159,1200,1421.178214
52.908731,1200,1423.374864
49.434393,1200,1425.579489
-113.0571,822,1426.244264
-105.531681,571,1426.70572
185.955339,1127,1428.848551
12.793213,1200,1429.818306
-107.681634,645,1431.572438
44.692236,1200,1432.5402
186.035165,876,1434.481704
-69.797092,624,1434.986017
184.9007,811,1435.641822
60.074521,1200,1437.831496
47.983003,1200,1440.02715
-95.120414,851,1440.715848
79.109933,1200,1442.90851
57.625872,1200,1443.880259
56.248438,1200,1446.098836
61.502755,1200,1447.06361
79.662965,1200,1449.264246
41.986942,1200,1450.231011
185.893742,955,1452.22833
186.252575,832,1452.908054
75.086367,1200,1455.09559
11.732753,1200,1456.0574
185.642253,1100,1458.170303
51.543198,1200,1460.355027
67.414785,1200,1461.317772
51.72475,1200,1463.505486
53.906854,1200,1464.471224
49.406092,1200,1466.670862
51.781452,1200,1468.863526
51.111646,1200,1469.827302
67.866291,1200,1472.015978
56.37663,1200,1472.978808
70.891122,1200,1475.167518
187.072761,982,1475.955796
186.429503,923,1477.925207
49.226897,1200,1478.888025
41.893101,1200,1481.077663
44.579632,1200,1483.260357
55.259432,1200,1484.224134
59.475633,1200,1486.409851
59.243208,1200,1487.372599
57.013075,1200,1489.572242
50.009379,1200,1491.779874
54.314309,1200,1492.74371
54.507177,1200,1494.969185
57.939414,1200,1495.932962
48.670205,1200,1498.144558
48.949713,1200,1499.107338
63.705103,1200,1501.316975
77.132734,1200,1503.518581
48.459942,1200,1504.482357
63.080643,1200,1506.675018
75.654395,1200,1507.639793
55.776171,1200,1509.833451
48.108324,1200,1512.028159
45.412286,1200,1512.991884
50.407367,1200,1515.203567
185.770947,990,1515.999823
43.499817,1200,1518.202537
56.209339,1200,1519.166228
47.682887,1200,1521.369853
46.6804,1200,1523.583528
39.281682,1200,1524.554199
64.226569,1200,1526.79675
58.997899,1200,1527.760473
54.509375,1200,1529.994045
45.442124,1200,1530.955858
64.568507,1200,1533.190305
66.477341,1200,1535.424829
185.978188,757,1536.033794
39.665152,1200,1538.245396
59.506091,1200,1539.210164
185.575652,803,1541.072961
49.369663,1200,1542.034716
56.026434,1200,1544.217412
48.882586,1200,1545.179198
46.897235,1200,1547.366878
-60.497962,489,1547.760592
186.162207,829,1549.680138
185.759634,822,1550.340926
83.205769,1200,1552.542602
185.01183,787,1553.175441
186.947556,801,1553.817321
186.32528,778,1555.669098
-63.676913,852,1556.354805
53.328208,1200,1558.551513
67.788288,1200,1559.515232
66.587142,1200,1561.712878
60.978715,1200,1562.675655
45.931819,1200,1564.877289
42.465207,1200,1567.086932
65.737489,1200,1568.050674
57.988322,1200,1570.267256
-95.809823,822,1570.928049
-40.754988,568,1571.383523
-111.752847,350,1572.900448
48.58331,1200,1573.863229
-84.65217,471,1574.240962
42.512909,1200,1576.440605
56.318977,1200,1578.638253
185.631515,835,1579.316981
-96.358445,345,1579.595051
56.363225,1200,1581.790795
-69.060184,406,1582.11665
186.113569,838,1582.789362
-80.688572,441,1584.383029
40.34954,1200,1585.345844
-71.377303,385,1585.655802
-97.003989,444,1587.245455
-118.724098,730,1587.83249
-58.102872,1060,1588.683688
-90.028892,403,1590.24143
51.058868,1200,1591.204209
-98.245673,387,1591.515215
46.642098,1200,1593.71979
44.969098,1200,1595.924416
-52.832266,511,1596.336037
-41.269186,742,1596.931049
46.003732,1200,1599.118727
-87.709549,521,1599.538376
44.328613,1200,1601.727999
58.698312,1200,1602.691807
50.326892,1200,1604.878458
-102.257678,774,1605.500375
-112.408436,744,1607.324277
51.688897,1200,1608.296024
56.457236,1200,1610.482762
46.95981,1200,1611.444489
66.445551,1200,1613.638152
-69.933946,426,1613.981999
51.354694,1200,1616.188616
71.559746,1200,1617.14948
47.406313,1200,1619.355024
50.01311,1200,1620.317802
186.59149,818,1622.2314
-75.262985,403,1622.555396
55.869394,1200,1624.754955
-75.54643,439,1625.108819
-95.169362,419,1625.445644
45.833708,1200,1627.650297
57.580467,1200,1628.613047
50.68099,1200,1630.819699
48.70184,1200,1631.782447
66.254529,1200,1633.993083
53.930123,1200,1636.205644
40.776903,1200,1637.168427
58.510045,1200,1639.373048
-58.695913,697,1639.93417
40.641285,1200,1642.143781
185.305587,797,1642.785631
67.286802,1200,1644.992247
60.550919,1200,1645.957023
185.962774,815,1647.85871
44.878932,1200,1648.821437
186.63002,846,1650.762939
54.755983,1200,1651.726715
45.391933,1200,1653.92835
54.129251,1200,1654.892179
58.844211,1200,1657.096788
50.383807,1200,1659.298382
44.221066,1200,1660.262214
76.037041,1200,1662.468778
69.454599,1200,1663.440527
185.281159,789,1665.287349
185.057764,812,1665.939165
-59.680219,567,1666.393646
47.283926,1200,1668.58033
186.099283,794,1669.218193
46.480737,1200,1671.412886
186.104128,1147,1673.579603
70.969688,1200,1674.543377
-58.483201,497,1674.943042
186.079668,780,1676.815807
51.914133,1200,1677.787524
186.156897,1182,1679.987163
-109.113227,384,1680.296131
59.736347,1200,1682.495772
43.374338,1200,1683.459548
67.545961,1200,1685.662258
81.906203,1200,1686.626949
186.31464,1192,1688.80566
48.744032,1200,1691.000353
72.29696,1200,1691.973064
54.12054,1200,1694.163733
63.802165,1200,1695.126513
79.386846,1200,1697.327179
62.68164,1200,1699.507855
64.887676,1200,1700.470635
53.680657,1200,1702.655324
58.102083,1200,1703.619097
185.574087,799,1705.48984
-120.562336,418,1705.825714
62.913722,1200,1706.796466
57.832147,1200,1708.982154
185.959568,832,1709.654903
-46.156134,1166,1711.811689
-42.462243,1197,1713.992392
185.789373,1080,1714.862545
62.036533,1200,1717.042188
186.494058,927,1717.788691
60.319817,1200,1719.971386
185.156498,819,1720.636166
186.721756,1071,1722.716204
186.232343,948,1723.478655
62.575532,1200,1725.659406
185.972921,1062,1726.512503
-121.58311,395,1726.829528
55.206832,1200,1729.018118
185.218277,1136,1731.149033
70.506755,1200,1732.113761
51.367806,1200,1734.325362
185.809097,885,1735.038033
-45.76671,790,1736.913704
185.877709,1072,1737.774823
77.237693,1200,1739.959514
62.570407,1200,1740.924318
54.744011,1200,1743.108978
46.474275,1200,1744.071754
-27.773017,979,1746.078041
55.371271,1200,1748.256755
63.105719,1200,1749.228501
57.130205,1200,1751.40821
49.971417,1200,1752.371986
59.413561,1200,1754.559664
45.076093,1200,1755.522444
-44.252604,1171,1757.714145
55.978469,1200,1759.893821
53.887723,1200,1760.857595
-41.459444,1058,1762.934645
61.551449,1200,1763.898422
56.265505,1200,1766.083137
62.926326,1200,1767.046885
84.150406,1200,1769.23357
76.767714,1200,1771.421278
-58.447957,852,1772.107954
-58.869507,514,1772.520572
186.328155,791,1774.384338
55.127399,1200,1775.347118
-69.854136,444,1775.711896
50.855035,1200,1777.908595
64.778148,1200,1780.102207
186.256821,784,1780.733176
53.898221,1200,1782.924763
73.406803,1200,1783.888565
54.516204,1200,1786.091172
187.116896,960,1786.862652
70.918118,1200,1789.075185
50.241244,1200,1790.04893
-68.412625,412,1791.607791
66.300405,1200,1792.571487
-63.600945,774,1794.420303
-77.314097,421,1794.759168
78.671403,1200,1795.722943
54.124395,1200,1797.902652
53.498011,1200,1800.083354
-48.06357,880,1800.793069
-78.423118,401,1801.115899
-73.726849,651,1802.851125
-44.855757,548,1803.292668
184.817702,992,1804.096013
47.137883,1200,1806.283613
70.641292,1200,1807.246389
185.939234,786,1809.118155
76.537293,1200,1810.081904
-47.805299,525,1811.746336
53.567476,1200,1812.710112
54.064536,1200,1814.918721
-98.935187,351,1815.200779
186.236304,814,1815.855586
186.102325,799,1817.724335
185.25926,795,1818.370219
-35.875319,642,1818.886446
-42.164607,590,1820.592736
46.135071,1200,1821.555518
65.76705,1200,1823.743196
50.004747,1200,1825.929878
69.162627,1200,1826.893657
-64.469595,443,1827.248467
-59.963901,430,1828.820315
75.515908,1200,1829.785976
-92.422288,514,1830.1986
186.558504,949,1832.185951
184.932185,1004,1832.998234
61.433748,1200,1835.193885
73.383717,1200,1837.386624
-68.664778,404,1837.712533
186.952731,822,1838.374321
77.466084,1200,1840.563952
-121.428061,483,1840.952619
53.040302,1200,1843.149268
-65.65061,413,1843.483224
62.159754,1200,1844.446927
-66.316194,520,1846.087487
-97.189926,295,1846.325639
185.8664,945,1847.091079
46.647753,1200,1849.275773
54.05371,1200,1850.238551
47.498425,1200,1852.428224
62.537382,1200,1854.612945
61.869446,1200,1855.576691
185.569817,775,1856.198611
186.121824,806,1858.074335
51.273571,1200,1859.038109
21.424742,1200,1861.235754
74.908911,1200,1863.430415
65.415978,1200,1864.395215
-100.676416,359,1864.685215
-31.092324,672,1866.452304
186.116597,1038,1867.291494
186.16432,778,1869.154261
-121.898208,639,1869.671531
186.391629,915,1870.409063
186.34349,846,1872.323696
-45.988045,1049,1873.16684
-95.121931,407,1873.493746
-91.419406,362,1875.015652
184.985905,1184,1875.966557
50.085607,1200,1878.150164
186.651177,791,1878.786036
59.687802,1200,1880.971727
186.690247,891,1881.687329
-74.039313,401,1882.009255
59.458721,1200,1884.201917
69.61678,1200,1886.405545
185.278303,1148,1887.326463
62.979777,1200,1889.551022
186.11548,788,1890.183958
-122.200088,408,1890.510809
-98.667059,365,1892.04069
47.704514,1200,1893.010445
-110.291549,459,1893.381205
55.648766,1200,1895.579848
62.037628,1200,1896.542659
64.821141,1200,1898.736288
65.820574,1200,1900.938971
-30.868342,939,1901.696384
76.261065,1200,1903.884146
-83.111331,386,1904.195026
186.118082,840,1904.868807
-115.564845,427,1906.432618
54.56675,1200,1907.397341
74.088654,1200,1909.582997
-62.49605,419,1909.918874
-55.171059,463,1910.29063
83.334016,1200,1912.480306
72.3867,1200,1913.44408
54.928824,1200,1915.639733
-61.124704,466,1916.014481
67.089707,1200,1918.207144
-31.184671,1034,1919.039361
64.576568,1200,1921.216076
-56.930923,453,1921.581853
185.97795,994,1922.383172
-52.493475,525,1924.029663
-69.53444,433,1924.3775
-66.730925,401,1924.700421
-73.447084,400,1925.021347
-85.037805,416,1926.608037
70.089084,1200,1927.571812
-82.490782,397,1927.890747
-89.686527,442,1929.473452
-89.9284,375,1929.774445
-77.792915,386,1930.084457
-21.375111,785,1930.722358
70.567474,1200,1932.905967
-60.479377,437,1933.256794
46.524568,1200,1935.442482
65.765799,1200,1936.405259
65.905924,1200,1938.595931
65.451876,1200,1939.556714
186.45831,975,1941.588915
62.763941,1200,1943.798522
70.092522,1200,1944.772264
65.751852,1200,1946.970939
-51.838746,499,1947.371624
67.081809,1200,1949.558255
-59.110237,474,1949.941969
64.670541,1200,1950.904746
77.080851,1200,1953.091432
-70.733194,426,1953.43433
68.331904,1200,1955.624039
-82.507283,414,1955.95784
-65.254803,409,1956.285744
80.394296,1200,1958.475456
81.979728,1200,1959.446169
62.761406,1200,1961.63983
75.511619,1200,1962.603606
66.862251,1200,1964.799261
-58.752494,463,1965.172013
70.819519,1200,1967.38262
-56.936869,482,1967.77032
67.190025,1200,1969.960029
-78.378292,416,1970.294876
185.437007,766,1970.911848
-72.487301,578,1972.596261
-29.453806,672,1973.147401
185.571533,780,1973.775228
-72.73425,423,1974.115095
83.581303,1200,1976.305761
186.075435,803,1976.951601
185.131388,799,1978.823385
185.746367,874,1979.526038
-69.618711,411,1979.855883
67.492748,1200,1982.05356
185.991973,857,1982.742229
-61.798756,426,1984.308985
-52.78241,503,1984.714627
185.585165,959,1985.48513
-69.648752,440,1987.065762
68.37335,1200,1988.029537
-61.266978,485,1988.41929
-62.477546,467,1990.024917
80.392673,1200,1990.99063
186.06636,894,1992.935124
186.450934,1164,1993.872986
67.588211,1200,1996.06964
-63.572887,478,1996.455347
-24.137859,694,1997.013536
186.091268,1027,1999.07167
-77.839307,455,1999.438413
-70.372814,425,1999.780222
-23.311288,1192,2001.967906
-66.503438,663,2002.499125
-61.782842,504,2002.903772
-26.817016,854,2004.814379
-74.658226,462,2005.186135
186.157516,809,2005.835961
-37.941228,660,2007.588099
-56.74398,537,2008.019655
-59.629852,458,2008.387425
-44.497723,582,2010.073783
185.92074,961,2010.846199
-66.159462,610,2011.335561
67.690186,1200,2013.528258
185.702193,768,2014.144164
64.613151,1200,2016.335831
72.692047,1200,2017.299607
-31.407568,1050,2019.364698
-71.002897,581,2019.831137
186.827947,774,2021.680951
186.076934,763,2022.293897
-71.885214,491,2022.688577
186.069801,783,2024.542376
185.740322,993,2025.340704
-69.013197,546,2025.781232
-36.984089,785,2027.650019
-50.822605,520,2028.068659
68.926766,1200,2030.267221
71.992491,1200,2031.23299
-31.998732,1099,2033.339941
185.836692,1021,2034.161193
-17.385796,863,2036.09177
-65.503587,537,2036.523319
68.929025,1200,2038.714041
68.41319,1200,2039.681761
62.285341,1200,2041.874389
185.747267,1026,2042.707632
-56.819734,816,2044.58432
-75.844368,514,2044.99794
-52.278551,563,2045.44943
66.906516,1200,2047.638104
-40.470839,1094,2048.519158
-76.074938,631,2050.249394
63.764203,1200,2051.213223
65.40466,1200,2053.401823
-43.554989,968,2054.180247
58.221347,1200,2056.366902
-54.559158,872,2057.075531
62.204474,1200,2059.257273
-78.398334,657,2059.785461
-27.144244,952,2061.772814
-52.884649,783,2062.402739
-23.753847,845,2063.082484
-48.267815,911,2065.043868
-78.335372,419,2065.383731
-36.650701,1136,2067.527558
-65.35492,850,2068.211271
62.035628,1200,2070.40398
56.615605,1200,2071.37668
-57.251819,552,2071.82024
83.88072,1200,2074.008874
186.053344,783,2074.638769
74.304223,1200,2076.827473
185.964789,842,2077.505176
64.04322,1200,2079.696951
64.446855,1200,2081.890503
72.581655,1200,2082.856321
-26.652691,723,2084.68523
-63.795699,519,2085.110732
68.937786,1200,2086.075538
-53.464986,813,2087.957208
186.528688,779,2088.582119
-63.99683,509,2088.990748
-44.101816,589,2090.694049
72.28115,1200,2091.666795
-67.311749,502,2092.072438
-54.296693,896,2094.018925
-59.189362,512,2094.430548
-60.067077,748,2096.252454
67.729573,1200,2097.220214
-48.12175,562,2097.672704
68.469313,1200,2099.873338
-64.301461,553,2100.317855
-69.152795,710,2102.113902
-72.998383,480,2102.500552
-28.273722,672,2103.041739
-82.38733,639,2103.556017
-46.526044,561,2105.226476
-78.294709,638,2105.739711
-72.516536,517,2106.154354
-36.623556,656,2107.909507
185.412541,774,2108.533368
-58.86344,522,2108.952962
-98.135771,501,2110.606517
-36.064801,1003,2111.414723
-50.11574,603,2111.898135
-19.290112,872,2113.833631
-62.719026,878,2114.540336
-56.301043,652,2115.064514
-52.758994,564,2116.742898
-62.130495,461,2117.114686
-20.293938,925,2117.858205
-25.086483,948,2119.8505
65.067625,1200,2120.815299
185.415265,798,2122.687085
-43.668913,571,2123.146473
-66.682251,708,2123.714572
-30.844157,1117,2125.835478
185.30325,779,2126.46839
-64.092327,522,2128.117891
-90.125336,578,2128.582314
186.25944,832,2129.249055
-61.409815,550,2130.918473
69.503971,1200,2131.884242
-80.699983,443,2132.240051
71.019207,1200,2134.428729
185.951991,770,2135.047695
-39.694476,643,2136.789829
-59.047714,568,2137.247295
-32.804893,886,2137.958914
78.883121,1200,2140.147593
68.267635,1200,2142.347234
-43.697287,909,2143.079781
-46.059755,1007,2145.109991
-50.688927,652,2145.635235
-77.106398,732,2146.224261
-38.075194,877,2148.173815
-64.93818,553,2148.619249
-66.741908,592,2149.095701
-26.491556,791,2150.955432
-24.47333,903,2151.683997
69.323087,1200,2153.87666
-75.266702,759,2154.48861
-33.995896,971,2155.276976
-39.604331,1107,2157.392894
184.918781,815,2158.047705
68.007838,1200,2160.233393
-37.931368,848,2160.914115
-35.568988,921,2162.876547
-35.186535,829,2163.543316
186.986267,869,2165.460901
-32.282445,886,2166.172523
184.947149,842,2168.074157
-42.301853,786,2168.708036
61.639979,1200,2169.680784
62.149794,1200,2171.880467
82.310338,1200,2174.09405
70.655872,1200,2175.057791
186.171191,1061,2177.162752
71.14829,1200,2178.128567
82.006742,1200,2180.318191
185.379355,1105,2181.206223
71.291759,1200,2183.397891
186.847996,808,2184.047717
75.056712,1200,2186.247357
80.355756,1200,2188.450984
185.441236,1152,2189.376886
184.598122,1171,2191.547621
83.870898,1200,2192.51638
66.548258,1200,2194.717019
75.669572,1200,2196.931688
79.087974,1200,2197.903435
68.957584,1200,2200.14489
69.344193,1200,2201.110625
67.356004,1200,2203.346146
186.358289,958,2204.11657
70.770457,1200,2206.358069
69.211914,1200,2207.322841
69.448192,1200,2209.511519
186.586054,818,2210.167326
66.759628,1200,2212.361983
70.432841,1200,2214.550663
58.286775,1200,2215.513437
185.443028,1177,2217.709096
70.088669,1200,2218.671936
76.07549,1200,2220.906397
80.680449,1200,2223.116059
186.062803,1078,2223.988084
186.339522,1172,2226.193757
185.277923,911,2226.93024
186.026004,999,2228.989351
73.71821,1200,2229.956116
69.713326,1200,2232.163733
69.376458,1200,2233.127506
185.397215,882,2235.085005
82.503998,1200,2236.050727
185.642402,1001,2238.086915
80.514099,1200,2239.050688
81.647867,1200,2241.257308
185.438117,912,2241.989934
79.747294,1200,2244.178534
185.276086,946,2246.159907
75.978819,1200,2247.126744
67.881797,1200,2249.319363
185.440412,852,2250.006038
71.372774,1200,2252.188735
67.38862,1200,2253.153562
67.058757,1200,2255.34916
70.285347,1200,2256.312938
72.069481,1200,2258.499677
73.782106,1200,2260.683357
65.186485,1200,2261.648119
-35.602924,983,2263.664339
72.542246,1200,2264.629113
186.318766,828,2266.510816
187.072365,1151,2267.443695
73.15395,1200,2269.633369
70.92204,1200,2270.597142
66.900778,1200,2272.788812
72.98177,1200,2274.980479
185.994135,857,2275.669173
72.027089,1200,2277.860842
55.954417,1200,2278.824661
186.217991,1188,2281.01733
73.81622,1200,2281.989076
70.453663,1200,2284.19568
67.608988,1200,2286.410371
184.668184,944,2287.173812
74.022055,1200,2289.380436
77.85935,1200,2290.346206
72.999497,1200,2292.56677
68.598327,1200,2293.533537
63.543292,1200,2295.73717
185.978372,798,2296.387992
72.509799,1200,2298.599586
63.254978,1200,2299.566356
73.625347,1200,2301.773968
68.040058,1200,2303.993555
-115.403584,494,2304.392203
71.049013,1200,2305.356977
71.149328,1200,2307.568584
73.90882,1200,2309.778191
69.143357,1200,2310.761905
-20.119465,964,2312.7931
81.373661,1200,2313.757876
-43.987344,1170,2315.922631
77.795887,1200,2316.886403
-33.148505,1127,2319.014312
72.354717,1200,2321.203956
72.945448,1200,2322.169726
186.406761,1056,2324.240804
-28.126604,1065,2325.118865
69.831168,1200,2327.309532
68.390949,1200,2328.276297
60.721891,1200,2330.472963
187.096598,865,2331.169611
68.202219,1200,2333.37524
184.542837,955,2334.143694
76.457065,1200,2336.350289
76.97112,1200,2338.543943
68.203996,1200,2339.529648
55.854886,1200,2341.732276
63.289004,1200,2342.699047
70.422561,1200,2344.911634
66.860158,1200,2347.149153
75.062916,1200,2348.114928
59.026995,1200,2350.3355
72.517353,1200,2351.301259
64.381706,1200,2353.527829
27.853446,1200,2354.49358
42.454462,1200,2356.702194
66.667758,1200,2358.909806
65.082521,1200,2359.875573
185.628632,1003,2361.93269
58.031758,1200,2362.899464
75.747112,1200,2365.100098
60.39171,1200,2366.074833
80.730668,1200,2368.265508
55.414838,1200,2370.468138
77.161256,1200,2371.4359
51.162605,1200,2373.654473
61.053536,1200,2374.616272
186.82111,1056,2376.703217
63.346861,1200,2377.673033
186.038101,842,2379.584657
69.821895,1200,2380.557381
81.30877,1200,2382.761013
185.350749,812,2383.415821
184.61121,1120,2385.549674
185.316708,803,2386.196516
185.772607,1048,2388.284522
56.278453,1200,2390.491152
-108.36035,806,2391.141969
185.655931,791,2391.778841
56.172452,1200,2393.983493
-114.772469,735,2394.58245
185.694664,1167,2396.758171
75.425002,1200,2397.723938
186.24569,1196,2399.928569
80.577493,1200,2402.125215
-17.471235,1129,2403.034182
-30.077741,927,2405.017546
186.188657,901,2405.744161
185.524549,935,2406.49859
186.369109,823,2408.398236
73.472111,1200,2409.373966
-36.595786,808,2411.259657
186.367,1156,2412.188557
-35.911505,1042,2414.259638
-36.833441,784,2414.89151
78.877714,1200,2417.087158
185.747924,814,2417.74197
-115.183496,619,2419.475171
-58.400189,625,2419.979482
75.561495,1200,2420.945254
59.414165,1200,2423.14988
185.134126,886,2423.863494
-54.71711,668,2425.639545
83.105472,1200,2426.605356
59.817151,1200,2428.804955
-53.229012,645,2429.324225
185.237084,793,2431.197949
185.598403,969,2431.979331
-71.862595,532,2432.407907
54.367815,1200,2434.607544
31.734629,1200,2436.81715
66.83034,1200,2437.79288
84.646474,1200,2440.020429
54.49729,1200,2440.986205
52.405041,1200,2443.186833
185.222557,1033,2444.019063
185.376327,775,2445.876844
-107.412272,871,2446.578492
187.00711,807,2448.463179
54.461744,1200,2449.429949
-77.260143,521,2449.848545
77.421096,1200,2452.067148
186.972225,815,2452.722964
184.923242,1108,2454.846836
77.019621,1200,2457.047465
72.888911,1200,2458.014236
-82.750471,454,2458.380999
36.649639,1200,2460.58166
54.825844,1200,2462.785271
-36.744467,1132,2463.699207
49.616643,1200,2465.908821
35.565947,1200,2466.875584
75.009835,1200,2469.078215
84.591296,1200,2470.044979
186.186964,786,2471.918714
186.000753,1034,2472.750919
-70.138828,588,2474.454227
79.950361,1200,2475.420992
70.98586,1200,2477.618648
-27.850354,1009,2478.431922
56.567844,1200,2480.629571
-23.483909,856,2481.318261
184.876122,802,2483.196027
-60.413782,636,2483.709262
-35.958155,835,2484.382019
-83.985621,605,2486.107236
49.179467,1200,2487.073009
-23.987369,1114,2489.205869
-61.314939,554,2489.652383
-56.453153,561,2490.104864
186.13978,989,2492.135076
78.423984,1200,2493.108812
-89.236137,1030,2495.16593
52.508774,1200,2497.365577
54.766399,1200,2498.334332
-102.033446,1089,2500.456239
74.691391,1200,2501.422016
65.194953,1200,2503.606686
53.216789,1200,2504.572453
-24.088702,1076,2506.665457
-34.282775,786,2507.306334
59.848743,1200,2509.491996
49.88034,1200,2511.681673
-75.078673,1077,2512.548783
52.406027,1200,2514.739445
86.542686,1200,2515.704216
55.266685,1200,2517.895885
53.781059,1200,2518.862645
52.814233,1200,2521.049331
-82.469007,1000,2521.859621
-64.915538,561,2523.529036
79.389778,1200,2524.494807
81.806708,1200,2526.684477
65.095748,1200,2527.651252
-85.014634,458,2529.246903
57.064072,1200,2530.211675
185.104413,1124,2532.341555
-31.341641,1030,2533.172774
-46.954927,574,2534.861122
186.287985,973,2535.651483
51.160762,1200,2537.849139
-40.034671,676,2538.394302
83.391887,1200,2540.589966
59.93087,1200,2541.559703
-35.992783,830,2543.453381
-45.504379,709,2544.024487
63.719816,1200,2546.210151
55.221557,1200,2547.177909
78.131772,1200,2549.378564
62.522282,1200,2550.354288
74.9938,1200,2552.546949
186.13083,772,2553.169859
60.767383,1200,2555.370496
-35.114653,954,2556.139937
62.972386,1200,2558.336576
-44.063279,686,2558.890733
186.889342,816,2560.77442
-115.64619,928,2561.523922
48.968341,1200,2563.719566
-44.074171,723,2564.310596
-71.008441,637,2564.823896
-73.217215,487,2566.439462
-95.845399,956,2567.208892
-68.476839,671,2567.749147
-61.231625,654,2569.505217
-26.770797,849,2570.189915
-55.349753,709,2570.762005
76.23831,1200,2572.9736
185.303068,857,2573.665297
68.181663,1200,2575.85098
185.074578,777,2576.476892
73.537928,1200,2578.678524
-68.857174,752,2579.284497
78.061376,1200,2581.484132
-18.948865,1126,2582.390107
57.336976,1200,2584.589742
185.541603,829,2585.260504
61.376447,1200,2587.453181
-61.314873,820,2588.112958
53.767715,1200,2590.30861
-29.615727,760,2590.92057
75.819714,1200,2593.122198
57.253976,1200,2595.314865
186.032037,928,2596.062355
-24.28456,939,2598.044725
79.449041,1200,2599.012491
76.939992,1200,2601.20714
77.860513,1200,2602.173914
185.751683,1007,2604.225049
65.391455,1200,2605.191818
59.230014,1200,2607.414374
65.400272,1200,2609.607047
57.492837,1200,2610.574802
57.496399,1200,2612.777457
185.796562,875,2613.483077
56.489723,1200,2615.674747
185.871549,881,2616.385361
186.114637,808,2618.268062
58.899747,1200,2619.234845
56.505443,1200,2621.452408
75.096639,1200,2622.419178
80.567174,1200,2624.652708
63.367745,1200,2625.620469
185.986977,805,2627.520104
62.332926,1200,2628.485878
185.839838,1174,2630.68253
64.2151,1200,2632.900115
68.36668,1200,2633.876843
81.527901,1200,2636.093424
59.684495,1200,2637.06119
80.897258,1200,2639.283747
72.304906,1200,2641.496354
54.833449,1200,2642.46114
77.126675,1200,2644.675707
72.804696,1200,2645.64348
66.2601,1200,2647.861074
186.318858,1115,2648.768025
65.895001,1200,2650.981618
46.51392,1200,2653.19521
185.431449,930,2653.943709
186.011908,867,2654.642367
68.511833,1200,2656.860941
52.924881,1200,2659.074536
74.138289,1200,2660.043294
66.936057,1200,2662.255894
72.072229,1200,2663.233624
57.8269,1200,2665.44822
70.147896,1200,2667.662807
44.177878,1200,2668.629575
58.486169,1200,2670.832201
63.097331,1200,2671.79897
67.82636,1200,2674.001597
60.072475,1200,2674.968362
73.012719,1200,2677.179961
185.25164,809,2677.83079
68.906459,1200,2680.041387
186.580316,928,2682.029733
51.965325,1200,2682.99852
65.046786,1200,2685.207105
46.308256,1200,2686.170886
63.415739,1200,2688.383516
56.726451,1200,2689.350241
57.191616,1200,2691.598721
185.394084,835,2692.27047
75.091776,1200,2694.533902
70.839443,1200,2696.79633
80.671084,1200,2697.764099
73.35447,1200,2700.032506
185.987635,875,2700.738138
56.351414,1200,2702.995589
40.015983,1200,2703.961365
68.156579,1200,2706.22479
49.013036,1200,2708.471271
66.266229,1200,2709.439063
65.635275,1200,2711.687513
63.172401,1200,2712.658261
57.098748,1200,2714.914718
38.802215,1200,2715.880485
185.904617,793,2717.806031
41.662839,1200,2718.774796
-62.051348,598,2720.548885
32.660105,1200,2721.511642
51.843514,1200,2723.739187
54.602688,1200,2725.971726
-71.166932,718,2726.550783
-78.931618,433,2726.899649
79.588173,1200,2729.133138
185.203422,820,2729.795916
53.012686,1200,2732.020476
81.24119,1200,2732.986255
68.948686,1200,2735.229741
62.9619,1200,2736.195514
78.616391,1200,2738.429041
59.884369,1200,2740.652599
56.444523,1200,2741.620356
76.09007,1200,2743.835949
70.009122,1200,2744.802711
-123.642054,992,2746.842884
50.112823,1200,2747.817628
-80.767532,695,2749.620593
51.447235,1200,2750.586368
30.117293,1200,2752.807927
51.47618,1200,2753.773693
186.200808,1149,2755.968354
58.308072,1200,2758.180951
-74.100359,805,2758.83078
60.460998,1200,2761.039392
65.833091,1200,2762.013136
186.262842,1122,2764.167922
60.188054,1200,2765.132695
-122.419541,923,2767.123033
60.960241,1200,2768.089813
72.562452,1200,2770.31037
42.001196,1200,2772.504032
67.46766,1200,2773.470802
62.178871,1200,2775.661478
55.994609,1200,2776.635213
47.597805,1200,2778.833854
186.016432,827,2779.499627
59.180812,1200,2781.720201
185.16336,1106,2782.611214
186.105091,791,2784.50787
80.249377,1200,2785.472649
70.896252,1200,2787.696211
-92.088433,586,2788.167623
186.216488,866,2790.113127
69.03917,1200,2791.087852
185.79961,888,2793.06127
54.514787,1200,2794.024046
81.581584,1200,2796.2167
64.445178,1200,2797.180475
72.771602,1200,2799.378116
60.220111,1200,2801.58474
54.441159,1200,2802.549512
55.972421,1200,2804.768089
53.345235,1200,2805.733847
-51.30438,635,2807.496952
55.808503,1200,2808.461727
-50.819722,655,2810.234794
74.054646,1200,2811.19957
60.58283,1200,2813.4002
76.972014,1200,2814.365978
52.521586,1200,2816.569606
62.363685,1200,2818.777223
65.897977,1200,2819.75197
69.355512,1200,2821.944617
49.403408,1200,2822.909393
56.593559,1200,2825.103048
55.227787,1200,2826.068825
57.773832,1200,2828.267485
57.746941,1200,2830.504982
-67.501568,637,2831.01926
64.277573,1200,2833.223881
66.440983,1200,2834.192639
52.674459,1200,2836.395277
-77.330449,508,2836.804904
-87.459342,530,2837.230481
58.252044,1200,2839.436097
46.053426,1200,2840.398874
-89.537128,585,2842.12311
61.601103,1200,2843.088879
186.046212,848,2845.027386
-78.322828,500,2845.431043
86.627963,1200,2847.659581
78.69732,1200,2848.624373
186.12901,854,2850.562868
-78.238592,631,2851.071171
185.05571,833,2851.74092
81.684857,1200,2853.961498
74.510222,1200,2854.925283
62.628354,1200,2857.144846
81.882173,1200,2859.354453
80.73759,1200,2860.320219
61.456983,1200,2862.5408
55.088743,1200,2863.504567
64.528056,1200,2865.728129
185.273363,1161,2866.662003
50.951497,1200,2868.899514
55.539183,1200,2871.137041
65.973126,1200,2872.103839
-60.511566,1073,2874.193805
63.776511,1200,2875.166554
51.641175,1200,2877.360212
64.431955,1200,2879.551887
185.015645,979,2880.341184
78.622077,1200,2882.542913
186.082736,837,2883.21761
64.206924,1200,2885.436193
57.129663,1200,2886.401957
61.123942,1200,2888.623528
32.286408,1200,2889.597272
185.786261,857,2891.545747
65.698375,1200,2892.510523
63.003002,1200,2894.732093
49.330316,1200,2896.948621
54.180929,1200,2897.917457
53.58568,1200,2900.139001
44.944163,1200,2901.102775
62.932204,1200,2903.327335
54.219865,1200,2904.300077
42.808431,1200,2906.549551
74.009439,1200,2908.791059
46.613885,1200,2909.757822
39.38401,1200,2912.002314
50.178881,1200,2912.96608
186.260348,1031,2915.075028
54.963072,1200,2916.03781
75.738264,1200,2918.288284
79.204213,1200,2920.537745
44.877241,1200,2921.504516
42.613724,1200,2923.750021
53.155402,1200,2924.716765
68.650383,1200,2926.968263
61.108368,1200,2929.189803
57.805083,1200,2930.156569
51.211126,1200,2932.387105
-71.97356,856,2933.075809
47.198429,1200,2935.29737
70.874743,1200,2936.263135
50.943291,1200,2938.471751
63.113725,1200,2940.705284
55.432928,1200,2941.671049
63.71615,1200,2943.905567
67.588047,1200,2944.877319
52.113167,1200,2947.128784
-80.208583,707,2947.698881
19.231719,1200,2949.936397
66.27893,1200,2950.901165
72.932528,1200,2953.131705
61.276319,1200,2955.368217
60.622687,1200,2956.336004
50.748783,1200,2958.566525
60.839816,1200,2959.53329
76.874343,1200,2961.777771
47.031717,1200,2962.742552
52.204738,1200,2964.982057
40.033067,1200,2967.227534
63.355539,1200,2968.192315
-83.09563,664,2970.00126
65.623764,1200,2970.96803
71.899358,1200,2973.206532
39.175052,1200,2974.171307
53.419376,1200,2976.419829
81.984377,1200,2977.383556
186.217056,813,2979.316095
68.945962,1200,2980.279869
66.881487,1200,2982.50743
54.592979,1200,2984.723003
51.555392,1200,2985.687786
186.650829,1024,2987.760846
39.614944,1200,2988.734578
71.253415,1200,2990.964122
67.428397,1200,2991.926903
75.191786,1200,2994.162422
186.888905,974,2996.213556
-73.454519,867,2996.912224
74.531601,1200,2999.123829
53.204162,1200,3000.094609
43.962607,1200,3002.314156
61.466517,1200,3003.287896
72.118524,1200,3005.515436
71.384935,1200,3006.479223
66.67636,1200,3008.730686
61.550262,1200,3010.963214
69.338907,1200,3011.927983
72.067137,1200,3014.162518
82.47968,1200,3015.126292
49.751723,1200,3017.359814
70.800649,1200,3019.6113
-80.188241,568,3020.070685
47.003717,1200,3021.036509
83.016976,1200,3023.276018
78.486035,1200,3025.521499
44.752754,1200,3026.486272
52.401339,1200,3028.732764
75.25051,1200,3029.699526
50.893811,1200,3031.950998
49.255651,1200,3034.189508
55.756046,1200,3035.154278
56.997441,1200,3037.388795
64.886286,1200,3038.353572
54.018166,1200,3040.590084
52.047846,1200,3041.552884
47.162758,1200,3043.805336
58.626731,1200,3046.052826
69.457564,1200,3047.029543
47.728712,1200,3049.276034
73.149026,1200,3050.241806
63.711229,1200,3052.473329
49.340441,1200,3054.6989
71.729153,1200,3055.666641
64.696165,1200,3057.895185
185.973335,958,3058.665614
42.926038,1200,3060.906117
68.912597,1200,3061.871884
50.927465,1200,3064.105417
55.990201,1200,3066.340935
50.646961,1200,3067.308695
65.865325,1200,3069.557178
43.967828,1200,3070.519947
59.697367,1200,3072.758464
46.494372,1200,3073.723267
64.895292,1200,3075.966735
50.785281,1200,3078.204251
186.14422,881,3078.911869
51.819573,1200,3081.145422
26.387419,1200,3082.111172
20.468238,1200,3084.345706
57.051601,1200,3085.311471
52.341287,1200,3087.542992
63.415746,1200,3089.785495
51.686977,1200,3090.750265
55.039791,1200,3092.982802
45.223123,1200,3093.950578
71.12142,1200,3096.173128
67.312985,1200,3098.394701
12.140227,1200,3099.364446
50.849346,1200,3101.594984
66.6459,1200,3102.560756
56.866478,1200,3104.799265
50.229143,1200,3105.765026
60.841696,1200,3107.997573
53.516578,1200,3110.229105
75.904518,1200,3111.198851
41.953705,1200,3113.427401
50.335182,1200,3114.393159
62.32312,1200,3116.621713
43.236517,1200,3118.865206
66.47735,1200,3119.832977
54.367293,1200,3122.062514
71.511018,1200,3123.029273
74.85812,1200,3125.262793
-79.77681,741,3125.860804
36.710934,1200,3128.091336
68.382603,1200,3129.060087
-57.201995,759,3130.928845
57.459503,1200,3131.903598
68.640572,1200,3134.132122
49.710249,1200,3136.358708
56.536547,1200,3137.329451
70.27786,1200,3139.564964
56.490147,1200,3140.529721
185.847187,818,3142.458264
50.256675,1200,3143.426038
47.602331,1200,3145.66354
186.14964,820,3146.332304
54.147197,1200,3148.574803
185.081141,848,3149.257518
185.153147,816,3151.187065
64.071483,1200,3152.154823
186.559985,793,3154.056466
83.675969,1200,3155.025225
79.21552,1200,3157.261744
40.0649,1200,3158.227504
78.498123,1200,3160.469009
63.38576,1200,3162.695557
185.779437,974,3163.480949
53.29889,1200,3165.713455
185.076406,869,3166.416113
46.062365,1200,3168.655621
185.50341,876,3169.362257
186.048875,874,3171.330672
46.182315,1200,3172.30042
-27.379294,1010,3174.378469
48.775043,1200,3175.357197
49.001928,1200,3177.580771
185.301867,827,3178.248519
56.314726,1200,3180.47502
185.291326,808,3181.1259
185.250794,943,3183.154115
63.864019,1200,3184.121896
50.797961,1200,3186.352407
73.815133,1200,3187.316182
185.413662,848,3189.271637
185.903019,782,3189.901529
49.134528,1200,3192.13207
185.994669,766,3192.749052
49.857555,1200,3194.981481
58.69204,1200,3195.948301
-54.617024,624,3197.713397
186.333566,859,3198.40608
-45.75539,685,3198.957237
185.538198,836,3200.898751
185.158665,1086,3201.773818
185.990631,760,3203.65353
51.410676,1200,3204.6183
-91.342149,510,3206.284719
79.988072,1200,3207.252478
51.502594,1200,3209.477035
77.529522,1200,3210.442809
50.119894,1200,3212.671352
186.381445,789,3213.307225
54.709564,1200,3215.532777
45.875575,1200,3216.504528
-71.097174,656,3218.288564
78.624692,1200,3219.257312
186.154024,1129,3221.428092
186.641053,859,3222.120738
73.547685,1200,3224.3433
185.314946,757,3224.954258
48.072783,1200,3227.176821
-59.785974,694,3227.73595
-15.964613,896,3229.712338
53.691364,1200,3230.679101
-76.249116,449,3231.04987
184.83095,745,3232.907643
57.959614,1200,3233.874417
77.670886,1200,3236.098971
185.371934,849,3236.784676
71.97375,1200,3239.007238
52.942118,1200,3241.22283
184.659056,759,3241.836771
70.138798,1200,3242.803536
56.965585,1200,3245.024104
59.47088,1200,3247.251652
185.652892,843,3247.930388
51.598054,1200,3250.142
-59.826506,531,3250.570606
62.516848,1200,3252.775182
-91.942683,456,3253.144939
59.140081,1200,3254.111708
186.683169,854,3256.055196
49.074082,1200,3257.023958
59.509977,1200,3259.254498
59.301668,1200,3260.232231
52.2332,1200,3262.454795
51.146402,1200,3264.664395
58.584324,1200,3265.632157
186.053252,767,3267.490943
52.618689,1200,3268.457712
50.597891,1200,3270.673293
-112.867244,499,3271.074957
185.828686,908,3271.806513
-91.62384,401,3273.383239
71.797099,1200,3274.357963
-84.912369,427,3274.70181
185.212214,1109,3276.86062
80.356192,1200,3279.091129
-85.006808,397,3279.412058
57.881166,1200,3280.379815
51.600275,1200,3282.615345
-93.221852,424,3282.957213
184.919968,913,3284.959501
46.756503,1200,3285.928255
185.836278,897,3287.918605
53.680485,1200,3288.895333
85.013976,1200,3291.106926
62.560647,1200,3292.073687
72.109126,1200,3294.276335
64.176499,1200,3296.47597
61.576219,1200,3297.443726
185.833544,791,3299.322441
186.26802,759,3299.936382
52.921144,1200,3300.905171
184.791603,766,3302.789845
64.2903,1200,3303.756618
185.906949,783,3305.661249
186.342579,925,3306.405747
74.738769,1200,3308.621329
59.253495,1200,3309.590089
186.150198,869,3311.542558
72.171713,1200,3312.506336
63.813527,1200,3314.728905
73.652172,1200,3316.95544
186.32318,1132,3317.868388
77.509927,1200,3320.093943
78.732538,1200,3321.057719
-115.057721,456,3322.686268
69.323675,1200,3323.65503
58.527129,1200,3325.869624
-81.603541,423,3326.211482
185.801363,763,3326.825447
67.741749,1200,3329.037031
62.392859,1200,3331.250622
-87.52702,366,3331.546628
68.532693,1200,3332.512392
64.249483,1200,3334.721005
54.655108,1200,3335.686776
-85.697287,463,3337.290412
54.718922,1200,3338.25718
185.988665,1161,3340.428911
185.862104,923,3341.17242
71.750183,1200,3343.367079
63.495445,1200,3344.342842
184.789732,910,3346.306244
-106.958955,451,3346.670034
64.398443,1200,3348.86768
-88.467474,388,3349.180627
59.569282,1200,3350.147414
76.244584,1200,3352.363986
185.161017,833,3353.035738
63.901894,1200,3355.258294
185.665278,1076,3357.379198
63.709163,1200,3358.34696
185.907827,781,3360.226678
-90.400337,476,3360.614383
65.626819,1200,3361.583127
-113.613666,517,3363.229636
59.438108,1200,3364.197391
64.565593,1200,3366.391049
185.773211,809,3367.042866
185.011144,849,3368.964439
185.300409,949,3369.729872
74.881209,1200,3371.935514
-95.227554,503,3372.342143
73.792143,1200,3373.315887
186.251192,852,3375.229476
67.826141,1200,3376.195287
60.439385,1200,3378.38592
71.591423,1200,3380.579583
53.327808,1200,3381.547338
186.154627,840,3383.471905
61.082435,1200,3384.437668
55.196443,1200,3386.636309
61.961339,1200,3387.611055
52.821573,1200,3389.817664
55.984936,1200,3392.024305
-103.688981,537,3392.457833
61.390485,1200,3393.422609
57.704405,1200,3395.637197
60.340583,1200,3397.853789
81.225907,1200,3398.819554
185.975251,821,3400.733168
185.775418,1178,3401.690956
65.542197,1200,3403.935438
66.213038,1200,3404.900224
56.389547,1200,3407.128746
-96.947609,508,3407.53838
57.883488,1200,3409.745001
186.215018,961,3410.518406
-82.309667,474,3410.900132
49.49943,1200,3413.113725
57.577993,1200,3415.328316
51.968436,1200,3416.304057
68.817346,1200,3418.527614
184.613407,835,3419.199368
78.927273,1200,3421.416952
186.232587,845,3422.097682
46.5522,1200,3424.317246
59.527203,1200,3425.285
61.127232,1200,3427.517533
57.823798,1200,3429.730137
56.527568,1200,3430.703879
72.671523,1200,3432.922454
187.039831,804,3433.571275
-101.529809,624,3434.074597
57.744526,1200,3436.300154
45.255417,1200,3438.521747
-73.249754,415,3438.856619
55.325813,1200,3439.821368
186.218494,919,3441.825669
-108.889451,602,3442.311058
-82.893931,392,3442.626991
66.509005,1200,3444.855528
-101.603689,595,3445.334949
60.208122,1200,3447.560478
53.422293,1200,3448.52624
64.297401,1200,3450.750806
62.252998,1200,3452.966389
53.940561,1200,3453.934158
185.276138,886,3455.908566
69.503308,1200,3456.873337
55.252197,1200,3459.107866
63.505118,1200,3460.07461
-81.602228,402,3461.658309
186.151646,863,3462.35401
79.516184,1200,3464.582532
65.443539,1200,3465.548303
67.242766,1200,3467.774854
50.862398,1200,3468.740631
63.94929,1200,3470.972148
48.791465,1200,3471.945887
58.203536,1200,3474.146527
56.562852,1200,3476.355142
55.883172,1200,3477.3229
53.608305,1200,3479.540483
78.733209,1200,3480.509243
45.039339,1200,3482.758715
186.524018,968,3483.537111
-81.989002,400,3485.122806
57.008459,1200,3486.097545
62.229001,1200,3488.325084
60.7734,1200,3489.289866
67.468847,1200,3491.52339
49.829089,1200,3493.751927
48.801127,1200,3494.719695
72.793865,1200,3496.963136
46.719519,1200,3497.928962
-69.002409,481,3499.577446
-95.486026,547,3500.018965
67.429371,1200,3500.989716
-108.826665,547,3502.690035
184.546685,947,3503.450481
66.492267,1200,3505.7767
71.134493,1200,3506.743467
-86.590075,428,3508.353088
-79.252535,413,3508.686964
70.930989,1200,3509.65173
58.062213,1200,3511.883268
69.150062,1200,3512.84704
62.289625,1200,3515.081517
-80.726963,408,3515.411484
61.171942,1200,3517.635026
-75.951932,481,3518.02372
59.915935,1200,3520.250274
57.614635,1200,3521.214055
64.421138,1200,3523.444602
54.861825,1200,3524.409367
58.741359,1200,3526.642884
68.602816,1200,3528.870433
184.874855,982,3529.670781
69.722785,1200,3531.905285
63.716851,1200,3532.869056
186.349362,922,3534.871356
75.523916,1200,3535.839119
57.453453,1200,3538.066666
76.83342,1200,3539.032441
186.106355,869,3540.998859
-74.758062,626,3541.504172
-78.945243,479,3541.889884
185.240167,836,3543.832381
57.43641,1200,3544.798153
184.617532,967,3546.838322
66.306756,1200,3547.803093
47.300898,1200,3550.034631
46.113522,1200,3552.265161
80.412245,1200,3553.230931
56.790393,1200,3555.431582
56.097839,1200,3556.395339
-89.014899,564,3558.091666
48.478579,1200,3559.055439
48.056473,1200,3561.265057
-87.387773,512,3561.675684
79.235554,1200,3563.899236
64.12891,1200,3564.866003
186.266981,873,3566.836414
55.349463,1200,3567.80119
-106.360758,601,3569.552331
-100.041558,414,3569.887205
73.791328,1200,3570.852008
78.15154,1200,3573.084522
186.266422,915,3573.819046
185.573038,851,3575.77351
-97.576773,541,3576.209049
64.722979,1200,3578.46849
63.830701,1200,3579.431273
-75.752618,561,3581.134521
76.024598,1200,3582.100347
60.522831,1200,3584.330885
72.788715,1200,3585.295653
53.454754,1200,3587.533168
185.87105,881,3588.240793
-102.002065,516,3589.922179
54.582864,1200,3590.887943
71.202072,1200,3593.120486
57.483388,1200,3594.085241
76.129769,1200,3596.321761
-85.458822,516,3596.738371
69.752058,1200,3598.972922
70.128339,1200,3599.946636
185.466959,881,3601.915052
184.832198,1073,3602.778183
-113.47711,572,3604.49143
186.974031,811,3605.146234
186.398818,875,3605.84989
185.640337,924,3607.852182
53.42592,1200,3608.816952
51.929341,1200,3611.041508
56.378516,1200,3613.266078
66.954296,1200,3614.239812
53.977629,1200,3616.465372
-101.131216,620,3616.964731
-83.544214,556,3617.412203
52.822405,1200,3619.641745
59.604441,1200,3620.606509
-94.358277,722,3622.446355
55.409949,1200,3623.411156
43.526294,1200,3625.642677
67.262665,1200,3627.871209
82.291083,1200,3628.845947
67.203787,1200,3631.077481
48.914388,1200,3632.044245
60.364292,1200,3634.273787
61.511842,1200,3636.502331
-76.711927,427,3636.847213
62.978966,1200,3637.812943
59.941208,1200,3640.055438
185.933896,1042,3640.893636
56.443765,1200,3643.124179
74.766214,1200,3645.345744
64.417038,1200,3646.310517
185.325166,880,3648.276942
186.917442,892,3648.995534
58.494913,1200,3651.214108
61.580633,1200,3652.179877
63.384072,1200,3654.411411
59.638228,1200,3655.379174
80.896077,1200,3657.607717
50.907,1200,3659.828284
69.336503,1200,3660.796051
45.810443,1200,3663.028584
67.991074,1200,3663.99335
59.325316,1200,3666.220897
185.664761,826,3666.884672
65.425525,1200,3669.108232
186.015055,1069,3669.96836
69.931129,1200,3672.194913
70.708803,1200,3674.409503
41.736672,1200,3675.375291
62.702993,1200,3677.604814
184.994174,922,3678.347324
75.350903,1200,3680.56292
53.500588,1200,3681.528684
56.897207,1200,3683.743305
52.252197,1200,3685.956898
185.017302,1027,3686.78509
58.571886,1200,3688.995706
77.851588,1200,3689.963466
51.311243,1200,3692.185028
186.214024,1073,3693.04914
75.483189,1200,3695.266726
43.114886,1200,3697.495266
70.8919,1200,3698.465015
68.40255,1200,3700.699549
59.896675,1200,3701.666309
53.801968,1200,3703.885882
56.283494,1200,3704.850662
70.630374,1200,3707.07222
42.746399,1200,3709.274854
61.324848,1200,3710.239623
46.961006,1200,3712.441252
45.690931,1200,3713.414995
43.707009,1200,3715.626608
54.084989,1200,3717.860168
55.161695,1200,3718.825891
67.617286,1200,3721.059424
52.541808,1200,3722.025192
65.244093,1200,3724.243772
41.218285,1200,3725.210537
-96.665031,636,3726.985599
-100.459283,629,3727.49191
184.791076,925,3729.496194
49.785494,1200,3730.461967
59.917844,1200,3732.680546
77.458978,1200,3733.646309
75.18867,1200,3735.862895
54.112765,1200,3736.828665
-88.312275,684,3738.632636
186.302798,956,3739.401068
66.697662,1200,3741.62362
43.540287,1200,3742.595373
46.739482,1200,3744.836875
51.882145,1200,3747.059433
58.757479,1200,3748.02321
-79.60554,560,3748.473701
39.545357,1200,3750.693301
69.708542,1200,3752.908863
54.294803,1200,3753.876647
58.338933,1200,3756.101192
76.135013,1200,3757.071932
-98.020746,557,3758.785207
84.433816,1200,3759.749978
76.396931,1200,3761.981509
61.297033,1200,3762.947291
66.221558,1200,3765.168845
65.291393,1200,3767.39244
78.320977,1200,3768.36117
61.374967,1200,3770.590715
70.053836,1200,3771.563447
55.290933,1200,3773.788009
58.635265,1200,3776.014575
71.886268,1200,3776.981323
186.011225,1118,3779.143094
75.769481,1200,3780.108807
58.330092,1200,3782.439062
55.208039,1200,3783.411757
186.496901,796,3785.327401
-80.702415,356,3785.615438
51.977005,1200,3787.844976
-67.113828,413,3788.178854
59.01601,1200,3789.14662
70.39969,1200,3791.38016
67.986764,1200,3793.599723
185.641573,888,3794.317321
64.045381,1200,3796.551846
68.685494,1200,3797.5216
55.301933,1200,3799.758125
56.857909,1200,3800.72289
-62.796476,579,3802.446133
185.160017,850,3803.131779
52.601295,1200,3805.351406
54.79295,1200,3806.318166
80.661773,1200,3808.549649
77.225516,1200,3809.515417
186.514384,787,3811.405155
76.329182,1200,3812.382824
-73.512375,471,3814.023394
186.252274,807,3814.676212
67.845241,1200,3816.889802
-76.100328,500,3817.294442
-73.235565,493,3817.692119
-97.102387,551,3818.135669
186.090259,768,3820.000395
66.272793,1200,3820.967167
56.649245,1200,3823.182753
58.729381,1200,3824.149507
186.2104,841,3826.078068
-87.731434,562,3826.53055
59.990522,1200,3828.748157
-71.30744,413,3829.080042
67.373559,1200,3830.044797
70.347628,1200,3832.239472
185.765637,809,3832.891263
186.638137,1012,3834.93542
186.499883,799,3835.577277
66.664041,1200,3837.760978
185.112551,890,3838.477599
-77.039369,562,3840.158953
74.361386,1200,3841.133693
184.752015,1086,3843.239586
185.433393,944,3844.001092
76.517237,1200,3846.194755
67.578342,1200,3847.162522
-71.037724,654,3848.917644
83.198062,1200,3849.886415
76.47869,1200,3852.086042
70.672801,1200,3853.052844
77.521824,1200,3855.258433
64.897855,1200,3857.451092
185.175305,895,3858.172673
-72.121304,418,3858.507579
186.161935,984,3860.519828
75.242986,1200,3861.487589
58.799435,1200,3863.677262
185.661042,787,3864.31114
62.821485,1200,3866.502816
185.664079,899,3867.227387
-85.376695,413,3868.799132
70.746496,1200,3869.773865
61.466291,1200,3871.990451
64.05609,1200,3872.955222
77.327291,1200,3875.170813
61.436759,1200,3876.137579
65.730088,1200,3878.350187
72.070805,1200,3880.565781
77.641083,1200,3881.529533
79.11759,1200,3883.756082
57.88088,1200,3884.732812
185.916405,1000,3886.795918
78.318235,1200,3887.760686
-80.542965,417,3889.347381
-82.244147,411,3889.679272
80.466486,1200,3890.646037
-88.116866,543,3892.33538
67.771103,1200,3893.299164
63.699786,1200,3895.525721
71.300751,1200,3896.491496
-76.518787,422,3898.085153
62.545486,1200,3899.059878
47.799113,1200,3901.273495
77.622761,1200,3902.237259
57.792355,1200,3904.456824
56.825993,1200,3906.684379
66.53256,1200,3907.650143
83.952905,1200,3909.867723
51.133085,1200,3910.835487
186.757595,928,3912.843771
186.399913,833,3913.51552
59.409105,1200,3915.733106
69.065407,1200,3916.698869
184.897057,830,3918.599511
-59.437343,498,3919.001167
186.051895,1017,3921.054296
81.909806,1200,3922.019078
-80.107783,395,3922.337004
80.12994,1200,3924.547603
186.09312,1109,3925.441622
77.300419,1200,3927.680156
60.784548,1200,3929.904683
185.958176,1193,3930.864471
62.208965,1200,3933.095008
186.783116,903,3933.82259
42.332998,1200,3936.048132
-58.148229,550,3936.489655
56.003541,1200,3938.723184
-92.305707,716,3939.300256
69.998,1200,3941.547728
83.15351,1200,3942.511508
45.578352,1200,3944.748025
48.961703,1200,3945.71678
185.624863,1053,3947.839674
52.283842,1200,3948.805448
71.098614,1200,3951.044961
79.121029,1200,3953.27749
56.506242,1200,3954.245248
54.361544,1200,3956.488745
58.132191,1200,3957.454517
76.821288,1200,3959.683056
52.218415,1200,3961.909611
59.699237,1200,3962.87737
48.938689,1200,3965.105936
49.990013,1200,3966.072681
185.037327,1025,3968.17465
57.898769,1200,3969.148385
185.959041,1153,3971.35401
186.691328,1156,3973.565606
184.500449,961,3974.341019
54.137804,1200,3976.586503
55.921576,1200,3977.551271
54.355316,1200,3979.787783
70.957001,1200,3980.752567
70.362695,1200,3982.992076
74.712917,1200,3985.235565
67.904541,1200,3986.202322
73.175554,1200,3988.438854
76.958821,1200,3989.405615
50.267499,1200,3991.672034
54.540929,1200,3992.637803
60.333398,1200,3994.88229
-90.911413,592,3995.359689
186.828531,895,3997.354024
51.436681,1200,3998.327757
-92.81672,605,4000.082895
186.567015,1002,4000.890185
54.572936,1200,4003.125704
73.622988,1200,4004.092477
55.595204,1200,4006.32502
59.102755,1200,4007.293768
65.842305,1200,4009.526289
186.272093,830,4010.195052
57.309791,1200,4012.439546
68.900416,1200,4014.656125
58.543651,1200,4015.621902
78.615361,1200,4017.839483
184.656367,1089,4018.716547
186.02065,797,4020.612204
49.130465,1200,4021.57697
59.921416,1200,4023.806517
66.222923,1200,4026.045049
55.194385,1200,4027.017797
-69.486512,726,4027.600823
185.945242,1005,4029.6759
185.437307,1051,4030.52109
82.505534,1200,4032.759574
70.675089,1200,4035.004051
81.684749,1200,4035.969823
56.646841,1200,4038.215302
185.940491,1137,4039.129251
58.91599,1200,4041.377725
81.179928,1200,4043.61125
57.751661,1200,4044.577023
185.306044,817,4046.502582
186.470104,1110,4047.398582
71.371368,1200,4049.62414
65.231567,1200,4050.589904
56.964541,1200,4052.813466
54.495495,1200,4053.779244
185.914639,795,4055.684851
77.33797,1200,4056.648629
186.107882,873,4058.60409
-56.979284,627,4059.108407
186.819972,800,4059.751271
60.063735,1200,4061.966843
80.580866,1200,4064.18044
61.376204,1200,4065.146212
65.21091,1200,4067.366774
79.292731,1200,4068.340522
